{
  "Routes": [
    {
      "DownstreamPathTemplate": "/api/Sow",
      "DownstreamScheme": "https",
      "DownstreamHostAndPorts": [
        {
          "Host": "localhost",
          "Port": 44337
        }
      ],
      "UpstreamPathTemplate": "/gateway/Sow",
      "UpstreamHttpMethod": [ "POST", "PUT", "GET" ]
    },
    {
      "DownstreamPathTemplate": "/api/Sow/{id}",
      "DownstreamScheme": "https",
      "DownstreamHostAndPorts": [
        {
          "Host": "localhost",
          "Port": 44337
        }
      ],
      "UpstreamPathTemplate": "/gateway/Sow/{id}",
      "UpstreamHttpMethod": [ "GET", "DELETE" ]
    },
    {
      "DownstreamPathTemplate": "/api/Candidate",
      "DownstreamScheme": "https",
      "DownstreamHostAndPorts": [
        {
          "Host": "localhost",
          "Port": 44373
        }
      ],
      "UpstreamPathTemplate": "/gateway/Candidate",
      "UpstreamHttpMethod": [ "POST", "PUT", "GET" ]
    },
    {
      "DownstreamPathTemplate": "/api/Candidate/{id}",
      "DownstreamScheme": "https",
      "DownstreamHostAndPorts": [
        {
          "Host": "localhost",
          "Port": 44373
        }
      ],
      "UpstreamPathTemplate": "/gateway/Candidate/{id}",
      "UpstreamHttpMethod": [ "GET", "DELETE" ]
    }
  ],
  "GlobalConfiguration": {
    "BaseUrl": "http://localhost:44382"
  }

}